times,ratings
5 days ago,5
2 weeks ago,5
3 weeks ago,5
4 months ago,5
4 months ago,5
4 months ago,5
4 months ago,5
5 months ago,5
9 months ago,5
a year ago,1
a year ago,5
a year ago,2
a year ago,5
a year ago,1
a year ago,5
a year ago,2
a year ago,5
a year ago,3
a year ago,4
a year ago,5
a year ago,5
a year ago,3
a year ago,2
a year ago,5
a year ago,5
2 years ago,5
2 years ago,2
2 years ago,5
2 years ago,5
2 years ago,5
2 years ago,1
3 years ago,5
3 years ago,5
3 years ago,5
3 years ago,5
4 years ago,5
4 years ago,5
5 years ago,5
5 years ago,5
6 years ago,1
6 years ago,5
6 years ago,1
7 years ago,5
7 years ago,5
8 years ago,5
8 years ago,5
8 years ago,2
8 years ago,5
10 years ago,1
10 years ago,5
10 years ago,4
10 years ago,5
10 years ago,2
12 years ago,4
13 years ago,2
2 months ago,5
a year ago,5
3 years ago,5
2 weeks ago,1
a year ago,5
a year ago,5
2 years ago,1
2 years ago,5
2 years ago,5
3 years ago,5
3 years ago,5
3 years ago,1
4 years ago,5
4 years ago,5
4 years ago,5
5 years ago,5
5 years ago,5
5 years ago,5
5 years ago,5
5 years ago,4
6 years ago,2
6 years ago,5
6 years ago,4
7 years ago,4
7 years ago,5
3 days ago,5
7 years ago,5
13 hours ago,5
3 weeks ago,5
3 months ago,5
5 months ago,5
6 months ago,5
6 months ago,5
11 months ago,5
2 years ago,5
3 years ago,5
a month ago,4
a month ago,5
3 months ago,5
4 months ago,1
7 months ago,5
a year ago,5
a year ago,5
a year ago,5
2 years ago,5
2 years ago,5
2 years ago,5
3 years ago,5
4 years ago,5
5 years ago,5
5 years ago,5
5 years ago,5
6 years ago,5
6 years ago,5
7 years ago,5
7 years ago,5
7 years ago,2
7 years ago,2
7 years ago,4
7 years ago,5
7 years ago,5
7 years ago,5
7 years ago,5
a month ago,5
a year ago,5
3 years ago,5
4 years ago,5
4 years ago,5
4 years ago,5
5 years ago,4
5 years ago,5
5 years ago,5
5 years ago,4
5 years ago,5
5 years ago,4
5 years ago,4
5 years ago,5
5 years ago,5
5 years ago,3
5 years ago,4
6 years ago,3
6 years ago,4
6 years ago,4
6 years ago,4
6 years ago,4
6 years ago,4
6 years ago,5
6 years ago,3
6 years ago,4
6 years ago,5
6 years ago,5
6 years ago,4
6 years ago,5
6 years ago,5
6 years ago,5
6 years ago,5
6 years ago,4
6 years ago,4
6 years ago,4
6 years ago,5
6 years ago,4
6 years ago,4
6 years ago,5
6 years ago,4
6 years ago,4
6 years ago,5
6 years ago,4
6 years ago,4
6 years ago,5
6 years ago,3
6 years ago,5
6 years ago,5
6 years ago,5
6 years ago,4
6 years ago,4
6 years ago,4
6 years ago,4
6 years ago,4
6 years ago,2
6 years ago,4
6 years ago,5
6 years ago,5
6 years ago,5
6 years ago,4
6 years ago,5
6 years ago,5
6 years ago,4
6 years ago,5
6 years ago,5
6 years ago,4
6 years ago,5
6 years ago,5
6 years ago,4
6 years ago,5
6 years ago,5
6 years ago,4
6 years ago,3
6 years ago,5
6 years ago,5
6 years ago,5
6 years ago,5
6 years ago,5
6 years ago,4
6 years ago,5
6 years ago,4
6 years ago,5
6 years ago,3
6 years ago,4
6 years ago,4
6 years ago,4
6 years ago,5
6 years ago,5
6 years ago,5
6 years ago,5
6 years ago,5
7 years ago,4
7 years ago,4
7 years ago,5
7 years ago,5
7 years ago,4
7 years ago,5
2 weeks ago,5
2 weeks ago,5
a month ago,5
2 months ago,4
7 months ago,5
9 months ago,5
a year ago,5
a year ago,5
7 years ago,5
3 months ago,5
4 years ago,5
a month ago,5
2 years ago,5
2 years ago,5
5 years ago,5
10 hours ago,5
3 weeks ago,5
3 weeks ago,5
3 weeks ago,5
3 months ago,1
8 months ago,5
a year ago,5
a year ago,5
a year ago,5
a year ago,5
a year ago,5
a year ago,5
a month ago,5
a month ago,5
7 months ago,5
11 months ago,5
a year ago,5
3 years ago,5
3 years ago,5
4 years ago,5
4 years ago,5
a week ago,5
a year ago,5
a month ago,5
a month ago,5
7 months ago,5
2 years ago,5
3 years ago,5
4 years ago,5
a week ago,5
3 months ago,5
a year ago,5
a year ago,5
a year ago,5
2 years ago,5
2 years ago,5
6 months ago,5
7 months ago,5
a year ago,5
2 years ago,5
6 years ago,5
2 weeks ago,5
3 weeks ago,5
3 months ago,5
3 weeks ago,5
2 years ago,4
3 years ago,4
3 years ago,5
3 years ago,5
3 years ago,5
3 years ago,4
3 years ago,3
3 years ago,4
3 years ago,5
3 years ago,4
4 years ago,3
4 years ago,4
4 years ago,2
5 years ago,5
5 years ago,2
5 years ago,4
5 years ago,4
5 years ago,5
6 years ago,3
6 years ago,4
6 years ago,5
6 years ago,4
6 years ago,2
6 years ago,3
6 years ago,4
6 years ago,4
6 years ago,3
6 years ago,5
6 years ago,3
6 years ago,3
7 years ago,5
7 years ago,3
7 years ago,4
7 years ago,4
7 years ago,5
7 years ago,5
7 years ago,4
7 years ago,5
8 years ago,4
8 years ago,4
12 years ago,5
2 months ago,5
4 months ago,5
4 months ago,5
10 months ago,5
2 years ago,5
3 years ago,5
2 months ago,5
4 months ago,5
6 months ago,5
a year ago,5
a year ago,5
2 years ago,5
3 years ago,3
3 years ago,5
3 years ago,3
3 years ago,5
4 years ago,5
a month ago,5
2 months ago,5
2 months ago,5
2 months ago,5
3 months ago,5
4 months ago,5
4 months ago,5
5 months ago,5
5 months ago,5
11 months ago,5
a year ago,5
a year ago,5
a year ago,5
a year ago,5
a year ago,5
a year ago,5
a year ago,4
a year ago,5
a year ago,4
a year ago,5
a year ago,5
a year ago,5
a year ago,5
a year ago,5
a year ago,4
a year ago,5
a year ago,5
a year ago,5
a year ago,5
a year ago,5
a month ago,5
3 months ago,5
4 months ago,5
4 years ago,5
5 years ago,5
5 years ago,5
5 years ago,5
6 years ago,5
6 days ago,5
3 weeks ago,5
a month ago,5
3 months ago,5
3 months ago,5
4 months ago,5
4 months ago,5
6 months ago,5
9 months ago,5
9 months ago,5
10 months ago,5
a year ago,5
a year ago,5
a year ago,5
a year ago,5
a year ago,5
a year ago,5
a year ago,5
a year ago,5
2 years ago,5
2 years ago,5
2 years ago,5
2 years ago,5
2 years ago,5
2 years ago,5
2 years ago,5
3 years ago,5
3 years ago,5
3 years ago,5
3 years ago,1
3 years ago,5
3 years ago,4
3 years ago,5
3 years ago,5
3 years ago,5
3 years ago,5
3 years ago,5
3 years ago,5
3 years ago,5
3 years ago,5
3 years ago,5
3 years ago,4
3 years ago,4
3 years ago,5
3 years ago,5
4 years ago,5
4 years ago,5
4 years ago,4
4 years ago,5
4 years ago,4
4 years ago,5
4 years ago,5
4 years ago,5
4 years ago,5
4 years ago,5
5 years ago,5
5 years ago,5
5 years ago,5
2 months ago,5
3 months ago,5
11 months ago,5
a year ago,4
a year ago,5
a year ago,5
a year ago,5
a year ago,5
a year ago,5
a year ago,5
2 years ago,5
2 years ago,5
2 years ago,1
3 years ago,5
3 years ago,5
5 years ago,5
6 years ago,5
6 years ago,5
7 years ago,5
a month ago,5
8 months ago,5
8 months ago,5
9 months ago,5
11 months ago,5
3 years ago,5
6 years ago,5
8 years ago,4
2 weeks ago,5
2 months ago,5
6 months ago,5
7 months ago,5
9 months ago,5
a year ago,5
3 years ago,5
3 years ago,5
4 days ago,5
10 months ago,5
a year ago,5
a month ago,5
a year ago,5
2 years ago,5
3 years ago,5
a month ago,5
a month ago,5
a month ago,5
a year ago,5
a year ago,5
a year ago,5
a year ago,5
a year ago,5
2 years ago,5
2 years ago,5
3 years ago,5
6 years ago,5
9 years ago,5
3 months ago,1
10 months ago,5
4 years ago,5
4 years ago,5
7 years ago,1
a month ago,5
2 months ago,5
2 years ago,5
5 years ago,5
5 years ago,5
10 years ago,5
11 months ago,5
11 months ago,1
a year ago,5
a year ago,5
a year ago,5
2 years ago,1
3 years ago,5
a month ago,5
11 months ago,5
4 years ago,5
5 years ago,5
5 years ago,5
5 years ago,5
6 months ago,2
6 months ago,2
a year ago,5
a year ago,3
2 years ago,5
2 years ago,5
8 years ago,5
a month ago,5
7 months ago,5
3 years ago,5
2 weeks ago,5
3 months ago,5
3 months ago,5
3 months ago,4
3 months ago,5
3 months ago,4
3 months ago,4
3 months ago,4
3 months ago,5
8 months ago,3
8 months ago,5
8 months ago,5
a year ago,4
a year ago,5
a year ago,5
2 years ago,4
2 years ago,4
6 years ago,5
4 weeks ago,5
4 days ago,5
3 weeks ago,5
3 months ago,5
5 months ago,5
5 months ago,5
5 months ago,5
6 months ago,5
a year ago,5
a year ago,5
a year ago,5
a year ago,5
2 years ago,4
2 years ago,5
2 years ago,5
2 years ago,5
2 years ago,5
2 years ago,5
3 years ago,4
3 years ago,4
3 years ago,5
4 years ago,5
5 years ago,1
11 hours ago,5
a week ago,5
a week ago,5
a month ago,4
a month ago,5
4 months ago,5
5 months ago,5
8 months ago,5
11 months ago,5
a year ago,5
a year ago,5
a year ago,5
a year ago,5
a year ago,5
a year ago,5
a year ago,5
a year ago,5
a year ago,5
a year ago,5
a year ago,5
a year ago,5
a year ago,3
a year ago,5
a year ago,5
a year ago,5
a year ago,5
2 years ago,5
2 years ago,5
2 years ago,5
2 years ago,5
2 years ago,5
2 years ago,5
2 years ago,5
3 years ago,5
3 years ago,5
3 years ago,5
3 years ago,5
3 years ago,5
3 years ago,5
4 years ago,5
4 years ago,5
4 years ago,5
4 years ago,3
4 years ago,5
4 years ago,5
5 years ago,5
5 years ago,5
5 years ago,5
5 years ago,5
6 years ago,1
6 years ago,5
7 years ago,5
8 years ago,5
9 years ago,5
9 years ago,5
a week ago,1
2 months ago,1
2 months ago,5
6 months ago,5
6 months ago,1
6 months ago,1
6 months ago,5
7 months ago,5
8 months ago,5
a year ago,1
a year ago,5
a year ago,1
5 months ago,5
2 years ago,5
3 months ago,5
3 years ago,5
5 years ago,5
5 years ago,5
6 years ago,5
2 months ago,1
a year ago,5
3 years ago,5
4 years ago,5
8 years ago,5
9 years ago,1
5 months ago,5
3 years ago,5
a month ago,5
2 months ago,1
2 months ago,5
3 months ago,5
a year ago,5
2 years ago,5
7 years ago,5
4 weeks ago,5
a month ago,5
3 months ago,5
7 months ago,5
a year ago,5
a year ago,5
5 years ago,5
9 years ago,5
11 years ago,5
4 months ago,1
11 months ago,5
a year ago,5
2 years ago,5
2 years ago,1
2 years ago,5
3 years ago,5
5 years ago,5
3 months ago,5
4 months ago,5
9 months ago,5
a year ago,5
a year ago,1
2 years ago,5
2 years ago,5
2 years ago,5
3 years ago,5
5 years ago,5
6 years ago,5
2 months ago,5
7 months ago,5
a year ago,5
2 years ago,5
5 years ago,5
5 years ago,5
5 years ago,5
a week ago,5
a month ago,5
2 months ago,5
6 months ago,5
9 months ago,1
9 months ago,5
10 months ago,5
a year ago,5
a year ago,5
a year ago,5
a year ago,5
2 years ago,5
2 years ago,5
2 years ago,5
2 years ago,1
2 years ago,5
2 years ago,5
3 years ago,5
3 years ago,1
3 years ago,1
4 years ago,5
4 years ago,5
4 years ago,5
4 years ago,5
4 years ago,5
4 years ago,5
4 years ago,4
4 years ago,1
9 years ago,5
9 years ago,5
4 months ago,5
2 years ago,5
6 years ago,5
10 years ago,5
5 months ago,4
2 years ago,5
4 years ago,5
6 years ago,5
3 months ago,5
5 months ago,5
7 years ago,5
a week ago,5
4 weeks ago,5
a month ago,5
2 months ago,1
3 months ago,5
4 months ago,5
5 months ago,5
6 months ago,5
9 months ago,5
a year ago,5
a year ago,5
a year ago,5
a year ago,5
a year ago,5
a year ago,5
a year ago,5
a year ago,5
a year ago,5
2 years ago,5
2 years ago,4
2 years ago,5
2 years ago,3
2 years ago,5
2 years ago,5
2 years ago,5
2 years ago,5
2 years ago,5
2 years ago,5
2 years ago,2
2 years ago,5
2 years ago,5
2 years ago,5
2 years ago,1
2 years ago,1
2 years ago,1
2 years ago,2
2 years ago,5
2 years ago,5
2 years ago,5
3 years ago,4
3 years ago,2
3 years ago,5
3 years ago,3
3 years ago,1
3 years ago,5
3 years ago,5
3 years ago,5
3 years ago,5
3 years ago,5
4 years ago,5
4 years ago,5
5 years ago,1
5 years ago,5
5 years ago,2
5 years ago,5
5 years ago,5
5 years ago,5
5 years ago,5
5 years ago,4
7 years ago,1
a month ago,5
a month ago,5
6 months ago,5
6 months ago,5
3 years ago,5
a week ago,5
a month ago,5
2 months ago,1
3 months ago,5
10 months ago,5
a year ago,5
a year ago,2
a year ago,2
a year ago,5
2 years ago,4
3 years ago,5
3 years ago,1
4 years ago,5
5 years ago,5
a month ago,5
2 months ago,5
3 months ago,5
4 months ago,5
4 months ago,5
6 months ago,5
7 months ago,5
9 months ago,5
9 months ago,4
9 months ago,5
a year ago,5
a year ago,5
2 years ago,5
2 years ago,5
2 years ago,4
2 years ago,1
3 years ago,1
4 weeks ago,5
3 months ago,5
a year ago,5
a year ago,5
2 years ago,5
5 years ago,5
7 years ago,5
a week ago,5
5 years ago,5
4 months ago,1
4 months ago,5
7 months ago,5
7 months ago,1
8 months ago,1
10 months ago,5
a year ago,1
a year ago,5
2 months ago,5
4 months ago,5
4 months ago,5
3 years ago,5
3 years ago,5
3 years ago,5
a month ago,5
6 months ago,5
2 years ago,5
2 years ago,5
5 years ago,5
4 months ago,5
a year ago,5
2 years ago,5
3 years ago,5
a month ago,5
2 years ago,5
3 months ago,5
a month ago,5
2 months ago,5
3 months ago,5
3 months ago,5
3 months ago,5
4 months ago,4
8 months ago,5
3 months ago,5
4 months ago,5
4 months ago,5
4 months ago,2
4 months ago,5
5 months ago,5
5 months ago,5
5 months ago,5
8 months ago,1
9 months ago,5
9 months ago,5
10 months ago,1
10 months ago,1
10 months ago,1
a year ago,1
a year ago,5
a year ago,5
a year ago,5
a year ago,5
a year ago,5
2 years ago,5
2 years ago,5
2 years ago,5
3 years ago,5
3 years ago,5
3 years ago,5
4 years ago,5
4 years ago,5
4 years ago,1
4 years ago,5
5 years ago,5
5 years ago,5
6 years ago,1
3 weeks ago,5
a month ago,5
a month ago,5
a month ago,5
3 months ago,5
a year ago,5
a year ago,5
2 years ago,5
2 years ago,5
a week ago,5
a year ago,5
6 years ago,5
2 months ago,5
8 months ago,5
2 years ago,5
3 years ago,5
4 years ago,5
4 years ago,5
6 years ago,5
a week ago,5
2 months ago,5
4 months ago,5
a year ago,5
6 years ago,5
3 weeks ago,5
4 months ago,5
6 months ago,5
10 months ago,5
11 months ago,5
a year ago,5
a year ago,3
2 years ago,1
3 years ago,5
3 years ago,5
4 years ago,5
6 years ago,5
3 months ago,5
8 months ago,5
5 years ago,5
5 years ago,5
a month ago,5
5 months ago,5
7 years ago,5
4 months ago,1
4 months ago,1
5 months ago,5
5 months ago,1
8 months ago,5
a year ago,1
a year ago,1
a year ago,1
a year ago,1
a year ago,1
2 years ago,1
2 years ago,5
2 years ago,1
3 years ago,5
3 years ago,1
4 years ago,1
5 years ago,1
a day ago,5
5 months ago,5
8 months ago,5
9 months ago,5
a year ago,5
a year ago,5
2 years ago,5
2 years ago,5
5 months ago,5
6 months ago,5
9 months ago,5
6 years ago,1
3 months ago,5
2 months ago,5
3 years ago,5
5 years ago,5
a month ago,5
4 months ago,2
4 months ago,5
3 years ago,5
a week ago,5
2 weeks ago,5
a month ago,5
a month ago,5
a month ago,5
2 months ago,5
4 months ago,5
4 months ago,5
4 months ago,5
5 months ago,5
5 months ago,5
5 months ago,5
6 months ago,5
8 months ago,5
8 months ago,5
8 months ago,5
9 months ago,5
9 months ago,5
9 months ago,5
10 months ago,5
10 months ago,5
10 months ago,5
11 months ago,5
11 months ago,5
a year ago,5
a year ago,5
2 years ago,5
2 years ago,5
2 years ago,5
2 years ago,5
2 years ago,5
2 years ago,5
2 years ago,5
2 years ago,5
2 years ago,5
3 years ago,5
3 years ago,5
3 years ago,5
3 years ago,5
3 years ago,5
3 years ago,5
3 years ago,5
3 years ago,5
3 years ago,5
4 years ago,5
4 years ago,5
5 years ago,5
5 years ago,5
6 years ago,5
6 years ago,5
7 years ago,5
8 years ago,5
10 years ago,5
6 days ago,5
6 days ago,5
2 months ago,1
2 months ago,5
2 months ago,5
2 months ago,5
2 months ago,5
2 months ago,5
2 months ago,5
3 months ago,5
7 months ago,5
7 months ago,5
8 months ago,5
8 months ago,5
8 months ago,5
a year ago,5
a year ago,5
a year ago,5
a year ago,5
a year ago,5
2 years ago,3
2 years ago,5
2 years ago,5
2 years ago,5
4 years ago,5
4 years ago,5
5 years ago,3
5 years ago,1
5 years ago,4
5 years ago,5
6 years ago,5
6 years ago,4
6 years ago,5
7 years ago,5
7 years ago,5
8 years ago,5
a month ago,5
2 months ago,5
2 months ago,5
8 months ago,5
a week ago,1
4 weeks ago,5
5 months ago,5
3 months ago,1
3 years ago,5
5 years ago,5
6 months ago,5
a year ago,5
a year ago,5
2 months ago,5
8 months ago,5
2 months ago,4
3 years ago,5
5 months ago,5
a month ago,5
a month ago,5
a month ago,5
2 months ago,5
2 months ago,5
4 months ago,5
9 months ago,5
a year ago,5
4 years ago,4
4 years ago,5
4 years ago,5
5 years ago,5
5 years ago,4
5 years ago,5
5 years ago,4
6 years ago,5
7 years ago,5
7 years ago,5
7 years ago,5
7 years ago,5
7 years ago,5
7 years ago,4
7 years ago,5
a week ago,5
5 years ago,5
4 months ago,5
a week ago,5
a month ago,5
5 months ago,5
8 months ago,5
4 months ago,5
4 months ago,5
6 months ago,5
a year ago,5
2 years ago,5
2 years ago,5
3 years ago,5
5 years ago,5
3 weeks ago,5
a month ago,5
3 months ago,3
8 months ago,5
8 months ago,3
8 months ago,1
8 months ago,5
10 months ago,3
a year ago,5
a year ago,5
2 years ago,4
4 years ago,1
7 years ago,3
8 years ago,1
2 months ago,5
2 months ago,5
a month ago,5
5 years ago,5
a month ago,5
4 months ago,5
a year ago,5
2 years ago,5
2 months ago,5
7 months ago,5
2 years ago,5
2 years ago,5
3 years ago,5
5 years ago,5
5 years ago,5
8 months ago,4
10 months ago,5
a year ago,5
4 years ago,5
4 years ago,5
2 months ago,5
2 months ago,5
8 months ago,5
a year ago,5
6 years ago,5
2 months ago,5
8 months ago,5
a year ago,5
2 years ago,5
2 years ago,5
3 years ago,5
3 years ago,5
4 years ago,5
7 years ago,4
5 months ago,5
3 weeks ago,5
4 months ago,1
a year ago,5
4 years ago,5
4 years ago,1
7 years ago,1
2 weeks ago,5
3 weeks ago,5
4 months ago,5
7 months ago,5
a year ago,5
a year ago,5
a year ago,5
a year ago,5
6 years ago,5
6 years ago,5
a month ago,5
a month ago,5
3 months ago,5
a year ago,5
2 years ago,1
2 years ago,4
2 years ago,1
3 years ago,5
4 years ago,5
4 years ago,5
5 years ago,5
4 months ago,1
2 weeks ago,5
a year ago,5
a year ago,5
2 years ago,5
2 weeks ago,5
4 years ago,5
4 years ago,5
5 months ago,5
5 years ago,5
5 years ago,5
5 years ago,5
3 weeks ago,5
a month ago,5
3 months ago,5
5 months ago,5
7 months ago,5
9 months ago,3
9 months ago,5
11 months ago,4
a year ago,5
a year ago,5
2 years ago,5
3 years ago,5
3 years ago,5
3 years ago,5
4 years ago,5
9 years ago,5
2 months ago,5
2 months ago,5
7 months ago,5
a year ago,5
2 years ago,5
2 years ago,5
2 years ago,5
3 years ago,5
3 years ago,5
3 years ago,5
3 years ago,5
4 years ago,5
3 months ago,5
4 months ago,1
8 months ago,4
a year ago,5
a year ago,4
a year ago,5
2 years ago,5
3 years ago,4
6 years ago,5
3 days ago,5
a month ago,5
a year ago,5
a year ago,5
a year ago,5
a year ago,5
a year ago,5
a year ago,5
a year ago,3
a year ago,5
2 years ago,5
2 years ago,2
2 years ago,5
2 years ago,5
2 years ago,5
2 years ago,5
2 years ago,5
2 years ago,5
2 years ago,5
2 years ago,5
2 years ago,5
3 years ago,4
3 years ago,5
3 years ago,5
3 years ago,4
3 years ago,5
4 years ago,5
4 years ago,5
4 years ago,5
4 years ago,5
4 years ago,5
4 years ago,5
5 years ago,5
5 years ago,5
5 years ago,5
5 years ago,5
5 years ago,5
5 years ago,5
5 years ago,5
5 years ago,5
5 years ago,5
5 years ago,5
5 years ago,5
5 years ago,5
5 years ago,5
5 years ago,5
5 years ago,3
5 years ago,5
5 years ago,5
6 years ago,5
6 years ago,5
6 years ago,3
6 years ago,5
6 years ago,5
6 years ago,5
6 years ago,5
6 years ago,5
6 days ago,5
3 months ago,5
3 months ago,5
3 months ago,5
4 months ago,5
a year ago,5
2 years ago,5
a month ago,5
a month ago,5
a month ago,5
4 months ago,5
4 months ago,5
4 months ago,5
5 months ago,5
5 months ago,5
7 months ago,5
7 months ago,5
10 months ago,5
10 months ago,5
10 months ago,5
10 months ago,5
10 months ago,5
2 years ago,5
2 years ago,5
3 years ago,5
3 years ago,5
3 years ago,5
5 years ago,1
5 years ago,1
5 years ago,5
5 years ago,5
5 years ago,5
5 years ago,1
6 years ago,1
3 days ago,5
3 months ago,5
3 months ago,5
7 months ago,5
a year ago,5
2 years ago,5
3 years ago,5
3 years ago,5
3 years ago,1
4 years ago,5
5 years ago,5
6 years ago,1
6 years ago,5
10 years ago,5
4 months ago,5
5 months ago,5
a year ago,5
a year ago,5
a year ago,5
a year ago,5
a year ago,1
2 years ago,5
2 weeks ago,5
2 weeks ago,5
2 months ago,5
4 months ago,5
5 months ago,5
7 months ago,5
8 months ago,5
9 months ago,5
10 months ago,5
2 years ago,5
2 years ago,5
3 years ago,5
2 months ago,1
4 months ago,5
2 months ago,5
a year ago,5
3 years ago,5
3 years ago,5
a month ago,5
5 months ago,5
2 years ago,5
2 years ago,5
5 months ago,5
a month ago,5
4 years ago,5
6 years ago,5
6 months ago,5
a year ago,5
7 years ago,5
5 months ago,5
a year ago,5
a year ago,5
2 years ago,5
2 months ago,5
2 months ago,5
2 years ago,5
2 years ago,4
a month ago,5
2 months ago,5
8 months ago,5
10 months ago,5
a year ago,5
a year ago,5
2 years ago,5
3 years ago,5
6 years ago,5
6 years ago,5
3 weeks ago,5
8 months ago,5
2 years ago,5
3 years ago,5
4 weeks ago,5
a month ago,5
a month ago,5
a month ago,5
6 months ago,5
8 months ago,5
3 years ago,5
3 years ago,5
3 years ago,5
2 weeks ago,5
3 months ago,5
5 months ago,5
a year ago,5
2 years ago,5
3 years ago,5
4 months ago,5
4 months ago,1
4 months ago,5
7 months ago,5
2 years ago,5
2 years ago,5
2 years ago,5
2 years ago,5
3 years ago,1
5 years ago,5
6 years ago,5
a week ago,1
5 months ago,5
6 months ago,1
a year ago,4
a year ago,5
a year ago,5
a year ago,5
a year ago,4
a year ago,5
2 years ago,5
2 years ago,5
3 years ago,5
4 years ago,5
5 years ago,5
6 years ago,5
2 months ago,5
3 months ago,5
5 months ago,5
7 months ago,5
9 months ago,1
3 years ago,5
a month ago,5
2 months ago,5
2 months ago,5
3 months ago,5
3 months ago,5
4 months ago,5
5 months ago,5
5 months ago,5
5 months ago,5
6 months ago,5
8 months ago,5
3 years ago,5
a month ago,5
5 months ago,5
a year ago,5
2 years ago,5
3 years ago,5
4 years ago,5
a month ago,2
3 months ago,2
8 months ago,5
2 years ago,2
3 years ago,5
3 years ago,4
6 years ago,5
7 years ago,4
7 years ago,5
7 years ago,3
3 months ago,5
a month ago,5
3 months ago,1
4 months ago,5
10 months ago,5
11 months ago,2
11 months ago,2
11 months ago,5
a year ago,5
a year ago,1
a year ago,1
a year ago,5
a year ago,5
2 years ago,5
2 years ago,1
2 years ago,5
3 years ago,1
3 years ago,2
4 years ago,5
4 years ago,5
5 years ago,5
6 years ago,2
5 months ago,5
8 months ago,5
a year ago,1
a year ago,1
a year ago,1
a year ago,1
3 years ago,4
3 years ago,1
3 years ago,5
4 years ago,5
4 years ago,1
5 years ago,4
5 years ago,1
5 years ago,1
6 years ago,1
7 years ago,1
9 years ago,5
10 years ago,1
11 years ago,2
a month ago,4
2 months ago,4
5 months ago,4
6 months ago,5
6 months ago,4
6 months ago,5
6 months ago,4
a year ago,2
a year ago,5
a year ago,5
a year ago,5
a year ago,5
a year ago,5
2 years ago,4
2 years ago,5
2 years ago,5
2 years ago,5
2 years ago,5
2 years ago,5
3 years ago,4
3 years ago,4
3 years ago,4
3 years ago,5
3 years ago,5
3 years ago,4
3 years ago,5
3 years ago,5
3 years ago,5
3 years ago,4
3 years ago,4
3 years ago,3
3 years ago,4
4 years ago,5
4 years ago,5
4 years ago,5
4 years ago,5
4 years ago,4
4 years ago,4
4 years ago,2
2 weeks ago,5
3 months ago,5
4 years ago,5
4 years ago,5
4 years ago,5
5 years ago,5
16 hours ago,5
5 months ago,5
6 months ago,5
10 months ago,5
a year ago,3
a year ago,5
a year ago,5
2 years ago,5
3 years ago,5
a month ago,5
2 months ago,5
3 months ago,5
5 months ago,5
7 months ago,1
a year ago,5
4 years ago,5
5 years ago,5
5 years ago,5
6 years ago,3
8 years ago,5
2 weeks ago,5
4 years ago,5
5 months ago,5
8 months ago,5
5 years ago,5
5 years ago,5
2 weeks ago,5
a month ago,1
2 months ago,5
2 months ago,5
3 months ago,1
3 months ago,5
4 months ago,5
4 months ago,5
4 months ago,1
4 months ago,5
4 months ago,3
6 months ago,1
7 months ago,5
8 months ago,5
9 months ago,5
11 months ago,5
a year ago,5
a year ago,1
a year ago,5
a year ago,5
a year ago,1
a year ago,1
a year ago,5
a year ago,5
a year ago,5
a year ago,5
a year ago,5
a year ago,1
a year ago,5
a year ago,1
2 years ago,5
2 years ago,5
2 years ago,5
2 years ago,5
2 years ago,1
3 years ago,5
4 years ago,5
5 years ago,5
5 years ago,5
5 years ago,5
5 years ago,1
5 days ago,5
a month ago,5
2 months ago,5
3 months ago,5
6 months ago,5
10 months ago,5
11 months ago,5
a year ago,5
a year ago,5
a year ago,5
a year ago,5
3 years ago,5
3 years ago,5
3 years ago,5
3 years ago,5
4 years ago,5
4 years ago,5
4 years ago,5
4 years ago,5
4 years ago,4
5 years ago,4
5 years ago,5
a week ago,5
9 months ago,5
a year ago,5
a year ago,5
a year ago,5
2 years ago,5
4 years ago,5
a month ago,1
a month ago,5
a month ago,5
3 months ago,5
7 months ago,5
8 months ago,3
11 months ago,1
a year ago,1
a year ago,5
a year ago,4
a year ago,5
2 years ago,4
2 years ago,5
2 years ago,5
2 years ago,5
4 days ago,5
4 days ago,5
3 weeks ago,5
3 weeks ago,5
a month ago,1
a month ago,5
a month ago,5
a month ago,5
a month ago,5
a month ago,4
a month ago,5
a month ago,5
a month ago,5
a month ago,4
a month ago,5
a month ago,5
a month ago,5
2 months ago,4
2 months ago,5
2 months ago,4
3 months ago,5
3 months ago,5
4 months ago,5
4 months ago,5
4 months ago,1
4 months ago,5
5 months ago,5
5 months ago,5
6 months ago,4
6 months ago,5
7 months ago,5
7 months ago,5
7 months ago,5
7 months ago,5
7 months ago,5
7 months ago,5
7 months ago,5
7 months ago,1
8 months ago,5
8 months ago,5
9 months ago,5
10 months ago,4
11 months ago,5
11 months ago,5
a year ago,5
a year ago,5
a year ago,5
a year ago,1
a year ago,5
a year ago,5
a year ago,5
a year ago,2
a year ago,4
a year ago,5
a year ago,5
a year ago,4
2 years ago,5
2 years ago,5
2 years ago,5
2 years ago,5
2 years ago,5
2 years ago,3
2 years ago,5
2 years ago,5
2 years ago,5
2 years ago,5
2 years ago,5
2 years ago,5
2 years ago,5
2 years ago,5
2 years ago,5
2 years ago,5
3 years ago,5
3 years ago,5
3 years ago,5
3 years ago,5
3 years ago,5
3 years ago,5
3 years ago,5
3 years ago,4
3 years ago,5
3 years ago,5
3 years ago,4
3 years ago,5
3 years ago,5
3 years ago,4
3 years ago,5
3 years ago,5
3 years ago,2
3 years ago,5
3 years ago,2
4 years ago,5
4 years ago,5
4 years ago,5
4 years ago,5
4 years ago,5
5 years ago,5
5 years ago,5
6 years ago,1
6 years ago,5
6 years ago,5
6 years ago,4
6 years ago,5
6 years ago,5
6 years ago,5
6 years ago,5
6 years ago,5
6 years ago,5
6 years ago,5
7 years ago,5
7 years ago,4
7 years ago,5
7 years ago,5
7 years ago,5
7 years ago,5
7 years ago,4
7 years ago,4
7 years ago,5
7 years ago,5
7 years ago,4
7 years ago,4
7 years ago,4
7 years ago,1
7 years ago,4
7 years ago,5
7 years ago,5
7 years ago,5
8 years ago,2
8 years ago,4
8 years ago,5
8 years ago,4
8 years ago,4
8 years ago,4
8 years ago,4
8 years ago,3
8 years ago,4
8 years ago,5
8 years ago,1
8 years ago,5
8 years ago,4
3 months ago,5
a month ago,5
2 months ago,5
2 weeks ago,5
a month ago,5
2 months ago,5
8 months ago,5
9 months ago,5
2 years ago,5
3 years ago,5
3 years ago,5
3 years ago,5
4 years ago,5
4 months ago,5
6 months ago,5
7 months ago,5
11 months ago,5
a year ago,5
a year ago,5
a year ago,5
7 years ago,5
3 years ago,5
4 years ago,5
5 years ago,5
6 years ago,5
2 months ago,5
2 years ago,5
3 years ago,5
5 years ago,5
5 years ago,5
6 years ago,2
a month ago,5
2 years ago,5
2 years ago,5
a month ago,5
8 months ago,5
4 months ago,5
6 months ago,5
a year ago,4
a year ago,3
a year ago,1
a year ago,4
a year ago,5
a year ago,5
a year ago,1
a year ago,1
a year ago,1
2 years ago,1
2 years ago,3
3 years ago,1
3 years ago,5
3 years ago,5
3 years ago,5
4 years ago,1
4 years ago,5
4 years ago,5
4 years ago,5
4 years ago,5
5 years ago,5
4 years ago,4
a month ago,5
2 years ago,5
4 years ago,5
5 years ago,5
5 years ago,5
7 years ago,5
a month ago,5
5 months ago,5
2 months ago,5
4 months ago,2
6 months ago,5
3 years ago,5
3 years ago,5
6 years ago,4
6 years ago,2
4 weeks ago,5
2 months ago,1
3 months ago,5
3 months ago,5
3 months ago,1
4 months ago,5
4 months ago,5
4 months ago,5
7 months ago,5
7 months ago,5
7 months ago,5
8 months ago,1
9 months ago,5
9 months ago,5
9 months ago,5
9 months ago,5
10 months ago,5
10 months ago,5
10 months ago,5
10 months ago,5
10 months ago,5
10 months ago,5
10 months ago,5
11 months ago,5
11 months ago,5
11 months ago,4
11 months ago,5
a year ago,5
a year ago,2
a year ago,5
a year ago,5
a year ago,5
a year ago,5
a year ago,5
a year ago,5
a year ago,5
a year ago,5
a year ago,5
a year ago,4
a year ago,5
a year ago,5
a year ago,5
a year ago,5
a year ago,5
a year ago,5
a year ago,5
a year ago,5
a year ago,5
a year ago,5
a year ago,5
a year ago,5
a year ago,5
a year ago,5
a year ago,5
a year ago,5
a year ago,5
a year ago,3
a year ago,5
a year ago,4
a year ago,4
a year ago,5
a year ago,5
a year ago,5
a year ago,5
a year ago,5
a year ago,5
a year ago,5
a year ago,5
a year ago,1
a year ago,5
a year ago,4
a year ago,5
a year ago,5
a year ago,5
a year ago,5
a year ago,5
a year ago,5
a year ago,5
a year ago,5
a year ago,5
a year ago,5
a year ago,5
a year ago,5
a year ago,5
a year ago,3
a year ago,5
a year ago,5
a year ago,4
a year ago,5
a year ago,1
a year ago,5
a year ago,5
a year ago,5
a year ago,5
a year ago,5
a year ago,5
a year ago,5
a year ago,5
a year ago,5
2 years ago,5
2 years ago,5
2 years ago,5
2 years ago,4
2 years ago,5
2 years ago,5
2 years ago,2
2 years ago,5
2 years ago,3
2 years ago,5
2 years ago,4
2 years ago,4
2 years ago,5
2 years ago,5
2 years ago,5
2 years ago,5
2 years ago,5
2 years ago,5
2 years ago,5
2 years ago,1
2 years ago,5
2 years ago,5
2 years ago,5
2 years ago,5
2 years ago,1
2 years ago,5
2 years ago,4
2 years ago,5
2 years ago,5
2 years ago,5
2 years ago,5
2 years ago,3
2 years ago,1
2 years ago,5
2 years ago,5
2 years ago,5
2 years ago,5
2 years ago,5
2 years ago,5
2 years ago,5
2 years ago,3
2 years ago,5
2 years ago,5
2 years ago,5
2 years ago,2
2 years ago,5
2 years ago,5
2 years ago,5
2 years ago,5
2 years ago,2
2 years ago,2
2 years ago,5
2 years ago,4
2 years ago,5
2 years ago,5
2 years ago,3
2 years ago,1
2 years ago,5
2 years ago,5
2 years ago,5
2 years ago,1
2 years ago,1
2 years ago,1
2 years ago,2
2 years ago,1
2 years ago,2
2 years ago,5
2 years ago,5
2 years ago,1
3 years ago,1
3 years ago,5
3 years ago,2
3 years ago,2
3 years ago,1
4 years ago,1
4 years ago,2
4 years ago,1
5 years ago,1
5 years ago,1
5 years ago,5
6 years ago,1
6 years ago,1
7 years ago,1
2 days ago,5
a year ago,5
3 years ago,5
4 years ago,5
4 years ago,3
2 days ago,5
2 weeks ago,5
3 weeks ago,5
2 years ago,5
2 years ago,5
3 years ago,5
5 years ago,5
8 years ago,5
2 weeks ago,5
10 months ago,5
a year ago,5
6 years ago,5
3 weeks ago,5
2 years ago,5
3 weeks ago,5
3 weeks ago,5
a month ago,5
2 months ago,5
2 weeks ago,5
3 weeks ago,5
5 months ago,5
6 months ago,5
7 months ago,5
8 months ago,4
a year ago,5
a year ago,5
2 years ago,5
4 years ago,5
5 years ago,5
6 years ago,5
3 weeks ago,5
a month ago,5
5 months ago,5
3 years ago,5
3 years ago,5
3 years ago,4
3 years ago,5
4 weeks ago,5
2 years ago,5
4 years ago,5
4 years ago,5
6 years ago,5
a month ago,5
a year ago,5
6 years ago,5
a month ago,5
10 months ago,5
7 years ago,5
a month ago,5
8 months ago,1
9 months ago,5
10 months ago,5
2 years ago,5
a month ago,5
a year ago,5
a year ago,5
a month ago,5
7 months ago,5
11 months ago,5
a year ago,5
a year ago,5
3 years ago,5
4 years ago,5
4 years ago,5
6 years ago,5
6 years ago,5
a month ago,4
5 months ago,5
7 months ago,5
8 months ago,5
10 months ago,4
10 months ago,5
a year ago,5
3 years ago,4
5 years ago,1
a month ago,5
a month ago,5
9 months ago,5
10 months ago,5
2 months ago,5
6 months ago,5
11 months ago,5
a year ago,5
3 years ago,5
3 years ago,5
2 months ago,4
2 months ago,5
6 months ago,5
a year ago,5
2 years ago,5
3 years ago,5
4 years ago,5
2 months ago,5
3 years ago,5
2 months ago,5
5 months ago,5
9 months ago,5
a year ago,5
a year ago,5
2 years ago,5
2 years ago,5
3 years ago,5
2 months ago,5
2 years ago,5
2 years ago,5
2 years ago,5
3 years ago,5
2 months ago,5
2 months ago,5
a year ago,5
a year ago,5
2 months ago,5
2 months ago,5
2 months ago,5
4 months ago,5
6 months ago,4
7 months ago,5
a year ago,5
2 years ago,5
3 years ago,3
3 years ago,5
4 years ago,5
a week ago,5
2 months ago,5
3 months ago,5
3 months ago,5
11 months ago,5
2 years ago,5
6 years ago,5
6 years ago,5
3 weeks ago,5
2 months ago,5
2 months ago,5
4 months ago,5
4 months ago,5
4 months ago,5
4 months ago,5
a year ago,5
a year ago,5
a year ago,5
a year ago,5
4 years ago,5
2 months ago,5
3 months ago,5
3 months ago,5
3 years ago,5
3 years ago,5
3 years ago,5
5 years ago,5
5 years ago,5
5 years ago,5
5 years ago,5
6 years ago,5
6 years ago,5
2 months ago,5
a year ago,5
5 days ago,5
2 months ago,5
3 months ago,5
4 months ago,5
5 months ago,5
5 months ago,5
a year ago,4
7 years ago,4
2 months ago,5
2 months ago,5
3 months ago,4
a year ago,5
2 years ago,3
2 months ago,5
3 months ago,5
a year ago,5
3 years ago,5
3 months ago,5
3 months ago,5
2 years ago,5
3 years ago,1
3 months ago,5
2 years ago,5
4 years ago,5
3 months ago,5
3 months ago,5
8 months ago,5
10 months ago,5
a year ago,5
2 years ago,5
3 years ago,5
4 years ago,5
2 months ago,5
3 months ago,5
8 months ago,5
9 months ago,5
a year ago,5
a year ago,5
a year ago,5
2 years ago,5
3 months ago,1
a year ago,5
a year ago,5
a year ago,5
a year ago,5
a year ago,5
a year ago,5
2 years ago,5
2 years ago,5
2 years ago,5
2 years ago,5
3 years ago,1
4 years ago,1
4 years ago,5
4 years ago,5
4 years ago,1
4 years ago,5
4 years ago,1
5 years ago,1
5 years ago,5
3 months ago,5
3 months ago,5
10 months ago,5
2 years ago,5
2 years ago,5
3 years ago,5
4 years ago,5
4 weeks ago,5
4 months ago,5
a year ago,5
2 years ago,5
4 months ago,5
4 months ago,5
2 months ago,5
4 months ago,5
3 years ago,5
3 years ago,5
3 years ago,5
a month ago,5
2 months ago,5
4 months ago,5
6 months ago,5
8 months ago,5
2 years ago,5
3 years ago,5
4 years ago,5
5 years ago,5
6 years ago,5
6 years ago,5
4 months ago,5
a year ago,5
a month ago,5
4 months ago,5
5 months ago,5
7 months ago,5
4 months ago,5
9 months ago,5
2 years ago,5
3 years ago,5
10 years ago,5
3 months ago,5
3 months ago,5
5 months ago,5
7 months ago,5
9 months ago,5
a year ago,5
a year ago,5
2 years ago,5
2 years ago,5
4 years ago,5
a month ago,5
5 months ago,5
8 months ago,5
a year ago,5
a year ago,5
2 years ago,5
3 years ago,5
3 years ago,5
6 years ago,5
6 years ago,5
6 years ago,5
6 years ago,5
6 years ago,5
8 years ago,5
a month ago,5
5 months ago,5
6 months ago,5
a year ago,5
3 years ago,5
3 years ago,5
4 years ago,5
5 months ago,5
6 months ago,1
6 years ago,5
7 years ago,5
3 weeks ago,5
3 months ago,5
6 months ago,5
9 months ago,5
10 months ago,5
2 years ago,5
2 years ago,5
2 years ago,5
5 years ago,5
5 years ago,5
5 years ago,5
5 years ago,5
5 years ago,5
5 years ago,5
5 years ago,5
5 years ago,5
5 years ago,5
5 years ago,5
5 years ago,5
5 years ago,3
5 years ago,5
6 years ago,5
6 years ago,5
6 years ago,5
6 years ago,5
6 years ago,5
6 years ago,5
6 years ago,5
6 years ago,5
6 years ago,5
6 years ago,5
6 years ago,5
6 years ago,5
7 years ago,5
7 years ago,1
7 years ago,5
7 years ago,5
7 years ago,5
7 years ago,5
7 years ago,5
7 years ago,5
9 years ago,1
10 years ago,1
7 months ago,5
6 years ago,4
6 years ago,4
6 months ago,5
7 months ago,5
7 months ago,5
7 months ago,5
7 months ago,4
9 months ago,5
2 years ago,5
2 years ago,5
2 years ago,5
2 years ago,5
2 years ago,5
3 years ago,5
3 years ago,5
3 years ago,5
3 years ago,5
6 years ago,5
7 months ago,5
10 hours ago,4
8 months ago,4
8 months ago,4
9 months ago,5
10 months ago,4
a year ago,5
a year ago,5
a year ago,4
a year ago,4
2 years ago,4
2 years ago,5
3 years ago,4
5 years ago,4
6 days ago,5
6 days ago,4
2 months ago,4
2 months ago,4
2 months ago,5
2 months ago,5
2 months ago,4
2 months ago,2
2 months ago,4
2 months ago,4
2 months ago,5
2 months ago,5
2 months ago,5
3 months ago,5
3 months ago,5
3 months ago,5
3 months ago,3
3 months ago,2
3 months ago,4
4 months ago,5
4 months ago,2
7 months ago,3
7 months ago,5
7 months ago,5
7 months ago,1
10 months ago,5
10 months ago,5
10 months ago,5
10 months ago,3
10 months ago,1
10 months ago,3
10 months ago,3
10 months ago,4
10 months ago,2
11 months ago,4
11 months ago,5
a year ago,4
a year ago,3
a year ago,5
a year ago,5
a year ago,5
a year ago,5
3 years ago,5
2 weeks ago,5
6 months ago,5
11 months ago,4
11 months ago,5
a year ago,5
a year ago,5
4 years ago,5
7 years ago,5
